study_accession	sample_id	sample_accession	replicate_id	run_accession	experiment_accession	ftp_R1	ftp_R2
PRJEB86111	G1P4N6	SAMEA117961193	G1P4N6_Rep1	ERR14791273	ERX14196060	ftp.sra.ebi.ac.uk/vol1/run/ERR147/ERR14791273/G1P4N6_Rep1.R1.fastq.gz	ftp.sra.ebi.ac.uk/vol1/run/ERR147/ERR14791273/G1P4N6_Rep1.R2.fastq.gz
PRJEB86111	G1P4N6	SAMEA117961193	G1P4N6_Rep2	ERR14791274	ERX14196061	ftp.sra.ebi.ac.uk/vol1/run/ERR147/ERR14791274/G1P4N6_Rep2.R1.fastq.gz	ftp.sra.ebi.ac.uk/vol1/run/ERR147/ERR14791274/G1P4N6_Rep2.R2.fastq.gz
PRJEB86111	G1P4N6	SAMEA117961193	G1P4N6_Rep3	ERR14791275	ERX14196062	ftp.sra.ebi.ac.uk/vol1/run/ERR147/ERR14791275/G1P4N6_Rep3.R1.fastq.gz	ftp.sra.ebi.ac.uk/vol1/run/ERR147/ERR14791275/G1P4N6_Rep3.R2.fastq.gz
PRJEB86111	G281YO	SAMEA117961198	G281YO_Rep1	ERR14791276	ERX14196063	ftp.sra.ebi.ac.uk/vol1/run/ERR147/ERR14791276/G281YO_Rep1.R1.fastq.gz	ftp.sra.ebi.ac.uk/vol1/run/ERR147/ERR14791276/G281YO_Rep1.R2.fastq.gz
PRJEB86111	G281YO	SAMEA117961198	G281YO_Rep2	ERR14791277	ERX14196064	ftp.sra.ebi.ac.uk/vol1/run/ERR147/ERR14791277/G281YO_Rep2.R1.fastq.gz	ftp.sra.ebi.ac.uk/vol1/run/ERR147/ERR14791277/G281YO_Rep2.R2.fastq.gz
PRJEB86111	G281YO	SAMEA117961198	G281YO_Rep3	ERR14791278	ERX14196065	ftp.sra.ebi.ac.uk/vol1/run/ERR147/ERR14791278/G281YO_Rep3.R1.fastq.gz	ftp.sra.ebi.ac.uk/vol1/run/ERR147/ERR14791278/G281YO_Rep3.R2.fastq.gz
PRJEB86111	G3FFNC	SAMEA117961200	G3FFNC_Rep1	ERR14791279	ERX14196066	ftp.sra.ebi.ac.uk/vol1/run/ERR147/ERR14791279/G3FFNC_Rep1.R1.fastq.gz	ftp.sra.ebi.ac.uk/vol1/run/ERR147/ERR14791279/G3FFNC_Rep1.R2.fastq.gz
PRJEB86111	G3FFNC	SAMEA117961200	G3FFNC_Rep2	ERR14791280	ERX14196067	ftp.sra.ebi.ac.uk/vol1/run/ERR147/ERR14791280/G3FFNC_Rep2.R1.fastq.gz	ftp.sra.ebi.ac.uk/vol1/run/ERR147/ERR14791280/G3FFNC_Rep2.R2.fastq.gz
PRJEB86111	G3FFNC	SAMEA117961200	G3FFNC_Rep3	ERR14791281	ERX14196068	ftp.sra.ebi.ac.uk/vol1/run/ERR147/ERR14791281/G3FFNC_Rep3.R1.fastq.gz	ftp.sra.ebi.ac.uk/vol1/run/ERR147/ERR14791281/G3FFNC_Rep3.R2.fastq.gz
PRJEB86111	G4FG95	SAMEA117961227	G4FG95_Rep1	ERR14791282	ERX14196069	ftp.sra.ebi.ac.uk/vol1/run/ERR147/ERR14791282/G4FG95_Rep1.R1.fastq.gz	ftp.sra.ebi.ac.uk/vol1/run/ERR147/ERR14791282/G4FG95_Rep1.R2.fastq.gz
PRJEB86111	G4FG95	SAMEA117961227	G4FG95_Rep2	ERR14791283	ERX14196070	ftp.sra.ebi.ac.uk/vol1/run/ERR147/ERR14791283/G4FG95_Rep2.R1.fastq.gz	ftp.sra.ebi.ac.uk/vol1/run/ERR147/ERR14791283/G4FG95_Rep2.R2.fastq.gz
PRJEB86111	G4FG95	SAMEA117961227	G4FG95_Rep3	ERR14791284	ERX14196071	ftp.sra.ebi.ac.uk/vol1/run/ERR147/ERR14791284/G4FG95_Rep3.R1.fastq.gz	ftp.sra.ebi.ac.uk/vol1/run/ERR147/ERR14791284/G4FG95_Rep3.R2.fastq.gz
PRJEB86111	G4N1NA	SAMEA117961221	G4N1NA_Rep1	ERR14791285	ERX14196072	ftp.sra.ebi.ac.uk/vol1/run/ERR147/ERR14791285/G4N1NA_Rep1.R1.fastq.gz	ftp.sra.ebi.ac.uk/vol1/run/ERR147/ERR14791285/G4N1NA_Rep1.R2.fastq.gz
PRJEB86111	G4N1NA	SAMEA117961221	G4N1NA_Rep2	ERR14791286	ERX14196073	ftp.sra.ebi.ac.uk/vol1/run/ERR147/ERR14791286/G4N1NA_Rep2.R1.fastq.gz	ftp.sra.ebi.ac.uk/vol1/run/ERR147/ERR14791286/G4N1NA_Rep2.R2.fastq.gz
PRJEB86111	G4N1NA	SAMEA117961221	G4N1NA_Rep3	ERR14791287	ERX14196074	ftp.sra.ebi.ac.uk/vol1/run/ERR147/ERR14791287/G4N1NA_Rep3.R1.fastq.gz	ftp.sra.ebi.ac.uk/vol1/run/ERR147/ERR14791287/G4N1NA_Rep3.R2.fastq.gz
PRJEB86111	G5JHXH	SAMEA117961206	G5JHXH_Rep1	ERR14791288	ERX14196075	ftp.sra.ebi.ac.uk/vol1/run/ERR147/ERR14791288/G5JHXH_Rep1.R1.fastq.gz	ftp.sra.ebi.ac.uk/vol1/run/ERR147/ERR14791288/G5JHXH_Rep1.R2.fastq.gz
PRJEB86111	G5JHXH	SAMEA117961206	G5JHXH_Rep2	ERR14791289	ERX14196076	ftp.sra.ebi.ac.uk/vol1/run/ERR147/ERR14791289/G5JHXH_Rep2.R1.fastq.gz	ftp.sra.ebi.ac.uk/vol1/run/ERR147/ERR14791289/G5JHXH_Rep2.R2.fastq.gz
PRJEB86111	G5JHXH	SAMEA117961206	G5JHXH_Rep3	ERR14791290	ERX14196077	ftp.sra.ebi.ac.uk/vol1/run/ERR147/ERR14791290/G5JHXH_Rep3.R1.fastq.gz	ftp.sra.ebi.ac.uk/vol1/run/ERR147/ERR14791290/G5JHXH_Rep3.R2.fastq.gz
PRJEB86111	G7C18R	SAMEA117961205	G7C18R_Rep1	ERR14791291	ERX14196078	ftp.sra.ebi.ac.uk/vol1/run/ERR147/ERR14791291/G7C18R_Rep1.R1.fastq.gz	ftp.sra.ebi.ac.uk/vol1/run/ERR147/ERR14791291/G7C18R_Rep1.R2.fastq.gz
PRJEB86111	G7C18R	SAMEA117961205	G7C18R_Rep2	ERR14791292	ERX14196079	ftp.sra.ebi.ac.uk/vol1/run/ERR147/ERR14791292/G7C18R_Rep2.R1.fastq.gz	ftp.sra.ebi.ac.uk/vol1/run/ERR147/ERR14791292/G7C18R_Rep2.R2.fastq.gz
PRJEB86111	G7C18R	SAMEA117961205	G7C18R_Rep3	ERR14791293	ERX14196080	ftp.sra.ebi.ac.uk/vol1/run/ERR147/ERR14791293/G7C18R_Rep3.R1.fastq.gz	ftp.sra.ebi.ac.uk/vol1/run/ERR147/ERR14791293/G7C18R_Rep3.R2.fastq.gz
PRJEB86111	G8H3YU	SAMEA117961190	G8H3YU_Rep1	ERR14791294	ERX14196081	ftp.sra.ebi.ac.uk/vol1/run/ERR147/ERR14791294/G8H3YU_Rep1.R1.fastq.gz	ftp.sra.ebi.ac.uk/vol1/run/ERR147/ERR14791294/G8H3YU_Rep1.R2.fastq.gz
PRJEB86111	G8H3YU	SAMEA117961190	G8H3YU_Rep2	ERR14791295	ERX14196082	ftp.sra.ebi.ac.uk/vol1/run/ERR147/ERR14791295/G8H3YU_Rep2.R1.fastq.gz	ftp.sra.ebi.ac.uk/vol1/run/ERR147/ERR14791295/G8H3YU_Rep2.R2.fastq.gz
PRJEB86111	G8H3YU	SAMEA117961190	G8H3YU_Rep3	ERR14791296	ERX14196083	ftp.sra.ebi.ac.uk/vol1/run/ERR147/ERR14791296/G8H3YU_Rep3.R1.fastq.gz	ftp.sra.ebi.ac.uk/vol1/run/ERR147/ERR14791296/G8H3YU_Rep3.R2.fastq.gz
PRJEB86111	G9FAFS	SAMEA117961225	G9FAFS_Rep1	ERR14791297	ERX14196084	ftp.sra.ebi.ac.uk/vol1/run/ERR147/ERR14791297/G9FAFS_Rep1.R1.fastq.gz	ftp.sra.ebi.ac.uk/vol1/run/ERR147/ERR14791297/G9FAFS_Rep1.R2.fastq.gz
PRJEB86111	G9FAFS	SAMEA117961225	G9FAFS_Rep2	ERR14791298	ERX14196085	ftp.sra.ebi.ac.uk/vol1/run/ERR147/ERR14791298/G9FAFS_Rep2.R1.fastq.gz	ftp.sra.ebi.ac.uk/vol1/run/ERR147/ERR14791298/G9FAFS_Rep2.R2.fastq.gz
PRJEB86111	G9FAFS	SAMEA117961225	G9FAFS_Rep3	ERR14791299	ERX14196086	ftp.sra.ebi.ac.uk/vol1/run/ERR147/ERR14791299/G9FAFS_Rep3.R1.fastq.gz	ftp.sra.ebi.ac.uk/vol1/run/ERR147/ERR14791299/G9FAFS_Rep3.R2.fastq.gz
PRJEB86111	G9M8L4	SAMEA117961217	G9M8L4_Rep1	ERR14791300	ERX14196087	ftp.sra.ebi.ac.uk/vol1/run/ERR147/ERR14791300/G9M8L4_Rep1.R1.fastq.gz	ftp.sra.ebi.ac.uk/vol1/run/ERR147/ERR14791300/G9M8L4_Rep1.R2.fastq.gz
PRJEB86111	G9M8L4	SAMEA117961217	G9M8L4_Rep2	ERR14791301	ERX14196088	ftp.sra.ebi.ac.uk/vol1/run/ERR147/ERR14791301/G9M8L4_Rep2.R1.fastq.gz	ftp.sra.ebi.ac.uk/vol1/run/ERR147/ERR14791301/G9M8L4_Rep2.R2.fastq.gz
PRJEB86111	G9M8L4	SAMEA117961217	G9M8L4_Rep3	ERR14791302	ERX14196089	ftp.sra.ebi.ac.uk/vol1/run/ERR147/ERR14791302/G9M8L4_Rep3.R1.fastq.gz	ftp.sra.ebi.ac.uk/vol1/run/ERR147/ERR14791302/G9M8L4_Rep3.R2.fastq.gz
PRJEB86111	G9XHGJ	SAMEA117961210	G9XHGJ_Rep1	ERR14791303	ERX14196090	ftp.sra.ebi.ac.uk/vol1/run/ERR147/ERR14791303/G9XHGJ_Rep1.R1.fastq.gz	ftp.sra.ebi.ac.uk/vol1/run/ERR147/ERR14791303/G9XHGJ_Rep1.R2.fastq.gz
PRJEB86111	G9XHGJ	SAMEA117961210	G9XHGJ_Rep2	ERR14791304	ERX14196091	ftp.sra.ebi.ac.uk/vol1/run/ERR147/ERR14791304/G9XHGJ_Rep2.R1.fastq.gz	ftp.sra.ebi.ac.uk/vol1/run/ERR147/ERR14791304/G9XHGJ_Rep2.R2.fastq.gz
PRJEB86111	G9XHGJ	SAMEA117961210	G9XHGJ_Rep3	ERR14791305	ERX14196092	ftp.sra.ebi.ac.uk/vol1/run/ERR147/ERR14791305/G9XHGJ_Rep3.R1.fastq.gz	ftp.sra.ebi.ac.uk/vol1/run/ERR147/ERR14791305/G9XHGJ_Rep3.R2.fastq.gz
PRJEB86111	G9YBS1	SAMEA117961197	G9YBS1_Rep1	ERR14791306	ERX14196093	ftp.sra.ebi.ac.uk/vol1/run/ERR147/ERR14791306/G9YBS1_Rep1.R1.fastq.gz	ftp.sra.ebi.ac.uk/vol1/run/ERR147/ERR14791306/G9YBS1_Rep1.R2.fastq.gz
PRJEB86111	G9YBS1	SAMEA117961197	G9YBS1_Rep2	ERR14791307	ERX14196094	ftp.sra.ebi.ac.uk/vol1/run/ERR147/ERR14791307/G9YBS1_Rep2.R1.fastq.gz	ftp.sra.ebi.ac.uk/vol1/run/ERR147/ERR14791307/G9YBS1_Rep2.R2.fastq.gz
PRJEB86111	G9YBS1	SAMEA117961197	G9YBS1_Rep3	ERR14791308	ERX14196095	ftp.sra.ebi.ac.uk/vol1/run/ERR147/ERR14791308/G9YBS1_Rep3.R1.fastq.gz	ftp.sra.ebi.ac.uk/vol1/run/ERR147/ERR14791308/G9YBS1_Rep3.R2.fastq.gz
PRJEB86111	GC1X7F	SAMEA117961189	GC1X7F_Rep1	ERR14791309	ERX14196096	ftp.sra.ebi.ac.uk/vol1/run/ERR147/ERR14791309/GC1X7F_Rep1.R1.fastq.gz	ftp.sra.ebi.ac.uk/vol1/run/ERR147/ERR14791309/GC1X7F_Rep1.R2.fastq.gz
PRJEB86111	GC1X7F	SAMEA117961189	GC1X7F_Rep2	ERR14791310	ERX14196097	ftp.sra.ebi.ac.uk/vol1/run/ERR147/ERR14791310/GC1X7F_Rep2.R1.fastq.gz	ftp.sra.ebi.ac.uk/vol1/run/ERR147/ERR14791310/GC1X7F_Rep2.R2.fastq.gz
PRJEB86111	GC1X7F	SAMEA117961189	GC1X7F_Rep3	ERR14791311	ERX14196098	ftp.sra.ebi.ac.uk/vol1/run/ERR147/ERR14791311/GC1X7F_Rep3.R1.fastq.gz	ftp.sra.ebi.ac.uk/vol1/run/ERR147/ERR14791311/GC1X7F_Rep3.R2.fastq.gz
PRJEB86111	GCD75J	SAMEA117961201	GCD75J_Rep1	ERR14791312	ERX14196099	ftp.sra.ebi.ac.uk/vol1/run/ERR147/ERR14791312/GCD75J_Rep1.R1.fastq.gz	ftp.sra.ebi.ac.uk/vol1/run/ERR147/ERR14791312/GCD75J_Rep1.R2.fastq.gz
PRJEB86111	GCD75J	SAMEA117961201	GCD75J_Rep2	ERR14791313	ERX14196100	ftp.sra.ebi.ac.uk/vol1/run/ERR147/ERR14791313/GCD75J_Rep2.R1.fastq.gz	ftp.sra.ebi.ac.uk/vol1/run/ERR147/ERR14791313/GCD75J_Rep2.R2.fastq.gz
PRJEB86111	GCD75J	SAMEA117961201	GCD75J_Rep3	ERR14791314	ERX14196101	ftp.sra.ebi.ac.uk/vol1/run/ERR147/ERR14791314/GCD75J_Rep3.R1.fastq.gz	ftp.sra.ebi.ac.uk/vol1/run/ERR147/ERR14791314/GCD75J_Rep3.R2.fastq.gz
PRJEB86111	GCHYFW	SAMEA117961209	GCHYFW_Rep1	ERR14791315	ERX14196102	ftp.sra.ebi.ac.uk/vol1/run/ERR147/ERR14791315/GCHYFW_Rep1.R1.fastq.gz	ftp.sra.ebi.ac.uk/vol1/run/ERR147/ERR14791315/GCHYFW_Rep1.R2.fastq.gz
PRJEB86111	GCHYFW	SAMEA117961209	GCHYFW_Rep2	ERR14791316	ERX14196103	ftp.sra.ebi.ac.uk/vol1/run/ERR147/ERR14791316/GCHYFW_Rep2.R1.fastq.gz	ftp.sra.ebi.ac.uk/vol1/run/ERR147/ERR14791316/GCHYFW_Rep2.R2.fastq.gz
PRJEB86111	GCHYFW	SAMEA117961209	GCHYFW_Rep3	ERR14791317	ERX14196104	ftp.sra.ebi.ac.uk/vol1/run/ERR147/ERR14791317/GCHYFW_Rep3.R1.fastq.gz	ftp.sra.ebi.ac.uk/vol1/run/ERR147/ERR14791317/GCHYFW_Rep3.R2.fastq.gz
PRJEB86111	GDP5BG	SAMEA117961192	GDP5BG_Rep1	ERR14791318	ERX14196105	ftp.sra.ebi.ac.uk/vol1/run/ERR147/ERR14791318/GDP5BG_Rep1.R1.fastq.gz	ftp.sra.ebi.ac.uk/vol1/run/ERR147/ERR14791318/GDP5BG_Rep1.R2.fastq.gz
PRJEB86111	GDP5BG	SAMEA117961192	GDP5BG_Rep2	ERR14791319	ERX14196106	ftp.sra.ebi.ac.uk/vol1/run/ERR147/ERR14791319/GDP5BG_Rep2.R1.fastq.gz	ftp.sra.ebi.ac.uk/vol1/run/ERR147/ERR14791319/GDP5BG_Rep2.R2.fastq.gz
PRJEB86111	GDP5BG	SAMEA117961192	GDP5BG_Rep3	ERR14791320	ERX14196107	ftp.sra.ebi.ac.uk/vol1/run/ERR147/ERR14791320/GDP5BG_Rep3.R1.fastq.gz	ftp.sra.ebi.ac.uk/vol1/run/ERR147/ERR14791320/GDP5BG_Rep3.R2.fastq.gz
PRJEB86111	GE1S1W	SAMEA117961226	GE1S1W_Rep1	ERR14791321	ERX14196108	ftp.sra.ebi.ac.uk/vol1/run/ERR147/ERR14791321/GE1S1W_Rep1.R1.fastq.gz	ftp.sra.ebi.ac.uk/vol1/run/ERR147/ERR14791321/GE1S1W_Rep1.R2.fastq.gz
PRJEB86111	GE1S1W	SAMEA117961226	GE1S1W_Rep2	ERR14791322	ERX14196109	ftp.sra.ebi.ac.uk/vol1/run/ERR147/ERR14791322/GE1S1W_Rep2.R1.fastq.gz	ftp.sra.ebi.ac.uk/vol1/run/ERR147/ERR14791322/GE1S1W_Rep2.R2.fastq.gz
PRJEB86111	GE1S1W	SAMEA117961226	GE1S1W_Rep3	ERR14791323	ERX14196110	ftp.sra.ebi.ac.uk/vol1/run/ERR147/ERR14791323/GE1S1W_Rep3.R1.fastq.gz	ftp.sra.ebi.ac.uk/vol1/run/ERR147/ERR14791323/GE1S1W_Rep3.R2.fastq.gz
PRJEB86111	GE4WUW	SAMEA117961214	GE4WUW_Rep1	ERR14791324	ERX14196111	ftp.sra.ebi.ac.uk/vol1/run/ERR147/ERR14791324/GE4WUW_Rep1.R1.fastq.gz	ftp.sra.ebi.ac.uk/vol1/run/ERR147/ERR14791324/GE4WUW_Rep1.R2.fastq.gz
PRJEB86111	GE4WUW	SAMEA117961214	GE4WUW_Rep2	ERR14791325	ERX14196112	ftp.sra.ebi.ac.uk/vol1/run/ERR147/ERR14791325/GE4WUW_Rep2.R1.fastq.gz	ftp.sra.ebi.ac.uk/vol1/run/ERR147/ERR14791325/GE4WUW_Rep2.R2.fastq.gz
PRJEB86111	GE4WUW	SAMEA117961214	GE4WUW_Rep3	ERR14791326	ERX14196113	ftp.sra.ebi.ac.uk/vol1/run/ERR147/ERR14791326/GE4WUW_Rep3.R1.fastq.gz	ftp.sra.ebi.ac.uk/vol1/run/ERR147/ERR14791326/GE4WUW_Rep3.R2.fastq.gz
PRJEB86111	GEB17N	SAMEA117961204	GEB17N_Rep1	ERR14791327	ERX14196114	ftp.sra.ebi.ac.uk/vol1/run/ERR147/ERR14791327/GEB17N_Rep1.R1.fastq.gz	ftp.sra.ebi.ac.uk/vol1/run/ERR147/ERR14791327/GEB17N_Rep1.R2.fastq.gz
PRJEB86111	GEB17N	SAMEA117961204	GEB17N_Rep2	ERR14791328	ERX14196115	ftp.sra.ebi.ac.uk/vol1/run/ERR147/ERR14791328/GEB17N_Rep2.R1.fastq.gz	ftp.sra.ebi.ac.uk/vol1/run/ERR147/ERR14791328/GEB17N_Rep2.R2.fastq.gz
PRJEB86111	GEB17N	SAMEA117961204	GEB17N_Rep3	ERR14791329	ERX14196116	ftp.sra.ebi.ac.uk/vol1/run/ERR147/ERR14791329/GEB17N_Rep3.R1.fastq.gz	ftp.sra.ebi.ac.uk/vol1/run/ERR147/ERR14791329/GEB17N_Rep3.R2.fastq.gz
PRJEB86111	GEOYGD	SAMEA117961220	GEOYGD_Rep1	ERR14791330	ERX14196117	ftp.sra.ebi.ac.uk/vol1/run/ERR147/ERR14791330/GEOYGD_Rep1.R1.fastq.gz	ftp.sra.ebi.ac.uk/vol1/run/ERR147/ERR14791330/GEOYGD_Rep1.R2.fastq.gz
PRJEB86111	GEOYGD	SAMEA117961220	GEOYGD_Rep2	ERR14791331	ERX14196118	ftp.sra.ebi.ac.uk/vol1/run/ERR147/ERR14791331/GEOYGD_Rep2.R1.fastq.gz	ftp.sra.ebi.ac.uk/vol1/run/ERR147/ERR14791331/GEOYGD_Rep2.R2.fastq.gz
PRJEB86111	GEOYGD	SAMEA117961220	GEOYGD_Rep3	ERR14791332	ERX14196119	ftp.sra.ebi.ac.uk/vol1/run/ERR147/ERR14791332/GEOYGD_Rep3.R1.fastq.gz	ftp.sra.ebi.ac.uk/vol1/run/ERR147/ERR14791332/GEOYGD_Rep3.R2.fastq.gz
PRJEB86111	GF6DKS	SAMEA117961213	GF6DKS_Rep1	ERR14791333	ERX14196120	ftp.sra.ebi.ac.uk/vol1/run/ERR147/ERR14791333/GF6DKS_Rep1.R1.fastq.gz	ftp.sra.ebi.ac.uk/vol1/run/ERR147/ERR14791333/GF6DKS_Rep1.R2.fastq.gz
PRJEB86111	GF6DKS	SAMEA117961213	GF6DKS_Rep2	ERR14791334	ERX14196121	ftp.sra.ebi.ac.uk/vol1/run/ERR147/ERR14791334/GF6DKS_Rep2.R1.fastq.gz	ftp.sra.ebi.ac.uk/vol1/run/ERR147/ERR14791334/GF6DKS_Rep2.R2.fastq.gz
PRJEB86111	GF6DKS	SAMEA117961213	GF6DKS_Rep3	ERR14791335	ERX14196122	ftp.sra.ebi.ac.uk/vol1/run/ERR147/ERR14791335/GF6DKS_Rep3.R1.fastq.gz	ftp.sra.ebi.ac.uk/vol1/run/ERR147/ERR14791335/GF6DKS_Rep3.R2.fastq.gz
PRJEB86111	GFHB52	SAMEA117961215	GFHB52_Rep1	ERR14791336	ERX14196123	ftp.sra.ebi.ac.uk/vol1/run/ERR147/ERR14791336/GFHB52_Rep1.R1.fastq.gz	ftp.sra.ebi.ac.uk/vol1/run/ERR147/ERR14791336/GFHB52_Rep1.R2.fastq.gz
PRJEB86111	GFHB52	SAMEA117961215	GFHB52_Rep2	ERR14791337	ERX14196124	ftp.sra.ebi.ac.uk/vol1/run/ERR147/ERR14791337/GFHB52_Rep2.R1.fastq.gz	ftp.sra.ebi.ac.uk/vol1/run/ERR147/ERR14791337/GFHB52_Rep2.R2.fastq.gz
PRJEB86111	GFHB52	SAMEA117961215	GFHB52_Rep3	ERR14791338	ERX14196125	ftp.sra.ebi.ac.uk/vol1/run/ERR147/ERR14791338/GFHB52_Rep3.R1.fastq.gz	ftp.sra.ebi.ac.uk/vol1/run/ERR147/ERR14791338/GFHB52_Rep3.R2.fastq.gz
PRJEB86111	GFLAAK	SAMEA117961196	GFLAAK_Rep1	ERR14791339	ERX14196126	ftp.sra.ebi.ac.uk/vol1/run/ERR147/ERR14791339/GFLAAK_Rep1.R1.fastq.gz	ftp.sra.ebi.ac.uk/vol1/run/ERR147/ERR14791339/GFLAAK_Rep1.R2.fastq.gz
PRJEB86111	GFLAAK	SAMEA117961196	GFLAAK_Rep2	ERR14791340	ERX14196127	ftp.sra.ebi.ac.uk/vol1/run/ERR147/ERR14791340/GFLAAK_Rep2.R1.fastq.gz	ftp.sra.ebi.ac.uk/vol1/run/ERR147/ERR14791340/GFLAAK_Rep2.R2.fastq.gz
PRJEB86111	GFLAAK	SAMEA117961196	GFLAAK_Rep3	ERR14791341	ERX14196128	ftp.sra.ebi.ac.uk/vol1/run/ERR147/ERR14791341/GFLAAK_Rep3.R1.fastq.gz	ftp.sra.ebi.ac.uk/vol1/run/ERR147/ERR14791341/GFLAAK_Rep3.R2.fastq.gz
PRJEB86111	GGCNMZ	SAMEA117961231	GGCNMZ_Rep1	ERR14791399	ERX14196186	ftp.sra.ebi.ac.uk/vol1/run/ERR147/ERR14791399/GGCNMZ_Rep1.R1.fastq.gz	ftp.sra.ebi.ac.uk/vol1/run/ERR147/ERR14791399/GGCNMZ_Rep1.R2.fastq.gz
PRJEB86111	GGCNMZ	SAMEA117961231	GGCNMZ_Rep2	ERR14791400	ERX14196187	ftp.sra.ebi.ac.uk/vol1/run/ERR147/ERR14791400/GGCNMZ_Rep2.R1.fastq.gz	ftp.sra.ebi.ac.uk/vol1/run/ERR147/ERR14791400/GGCNMZ_Rep2.R2.fastq.gz
PRJEB86111	GGCNMZ	SAMEA117961231	GGCNMZ_Rep3	ERR14791401	ERX14196188	ftp.sra.ebi.ac.uk/vol1/run/ERR147/ERR14791401/GGCNMZ_Rep3.R1.fastq.gz	ftp.sra.ebi.ac.uk/vol1/run/ERR147/ERR14791401/GGCNMZ_Rep3.R2.fastq.gz
PRJEB86111	GGNFB7	SAMEA117961219	GGNFB7_Rep1	ERR14791342	ERX14196129	ftp.sra.ebi.ac.uk/vol1/run/ERR147/ERR14791342/GGNFB7_Rep1.R1.fastq.gz	ftp.sra.ebi.ac.uk/vol1/run/ERR147/ERR14791342/GGNFB7_Rep1.R2.fastq.gz
PRJEB86111	GGNFB7	SAMEA117961219	GGNFB7_Rep2	ERR14791343	ERX14196130	ftp.sra.ebi.ac.uk/vol1/run/ERR147/ERR14791343/GGNFB7_Rep2.R1.fastq.gz	ftp.sra.ebi.ac.uk/vol1/run/ERR147/ERR14791343/GGNFB7_Rep2.R2.fastq.gz
PRJEB86111	GGNFB7	SAMEA117961219	GGNFB7_Rep3	ERR14791344	ERX14196131	ftp.sra.ebi.ac.uk/vol1/run/ERR147/ERR14791344/GGNFB7_Rep3.R1.fastq.gz	ftp.sra.ebi.ac.uk/vol1/run/ERR147/ERR14791344/GGNFB7_Rep3.R2.fastq.gz
PRJEB86111	GHFNF6	SAMEA117961216	GHFNF6_Rep1	ERR14791345	ERX14196132	ftp.sra.ebi.ac.uk/vol1/run/ERR147/ERR14791345/GHFNF6_Rep1.R1.fastq.gz	ftp.sra.ebi.ac.uk/vol1/run/ERR147/ERR14791345/GHFNF6_Rep1.R2.fastq.gz
PRJEB86111	GHFNF6	SAMEA117961216	GHFNF6_Rep2	ERR14791346	ERX14196133	ftp.sra.ebi.ac.uk/vol1/run/ERR147/ERR14791346/GHFNF6_Rep2.R1.fastq.gz	ftp.sra.ebi.ac.uk/vol1/run/ERR147/ERR14791346/GHFNF6_Rep2.R2.fastq.gz
PRJEB86111	GHFNF6	SAMEA117961216	GHFNF6_Rep3	ERR14791347	ERX14196134	ftp.sra.ebi.ac.uk/vol1/run/ERR147/ERR14791347/GHFNF6_Rep3.R1.fastq.gz	ftp.sra.ebi.ac.uk/vol1/run/ERR147/ERR14791347/GHFNF6_Rep3.R2.fastq.gz
PRJEB86111	GJE14J	SAMEA117961202	GJE14J_Rep1	ERR14791348	ERX14196135	ftp.sra.ebi.ac.uk/vol1/run/ERR147/ERR14791348/GJE14J_Rep1.R1.fastq.gz	ftp.sra.ebi.ac.uk/vol1/run/ERR147/ERR14791348/GJE14J_Rep1.R2.fastq.gz
PRJEB86111	GJE14J	SAMEA117961202	GJE14J_Rep2	ERR14791349	ERX14196136	ftp.sra.ebi.ac.uk/vol1/run/ERR147/ERR14791349/GJE14J_Rep2.R1.fastq.gz	ftp.sra.ebi.ac.uk/vol1/run/ERR147/ERR14791349/GJE14J_Rep2.R2.fastq.gz
PRJEB86111	GJE14J	SAMEA117961202	GJE14J_Rep3	ERR14791350	ERX14196137	ftp.sra.ebi.ac.uk/vol1/run/ERR147/ERR14791350/GJE14J_Rep3.R1.fastq.gz	ftp.sra.ebi.ac.uk/vol1/run/ERR147/ERR14791350/GJE14J_Rep3.R2.fastq.gz
PRJEB86111	GLGSPA	SAMEA117961194	GLGSPA_Rep1	ERR14791351	ERX14196138	ftp.sra.ebi.ac.uk/vol1/run/ERR147/ERR14791351/GLGSPA_Rep1.R1.fastq.gz	ftp.sra.ebi.ac.uk/vol1/run/ERR147/ERR14791351/GLGSPA_Rep1.R2.fastq.gz
PRJEB86111	GLGSPA	SAMEA117961194	GLGSPA_Rep2	ERR14791352	ERX14196139	ftp.sra.ebi.ac.uk/vol1/run/ERR147/ERR14791352/GLGSPA_Rep2.R1.fastq.gz	ftp.sra.ebi.ac.uk/vol1/run/ERR147/ERR14791352/GLGSPA_Rep2.R2.fastq.gz
PRJEB86111	GLGSPA	SAMEA117961194	GLGSPA_Rep3	ERR14791353	ERX14196140	ftp.sra.ebi.ac.uk/vol1/run/ERR147/ERR14791353/GLGSPA_Rep3.R1.fastq.gz	ftp.sra.ebi.ac.uk/vol1/run/ERR147/ERR14791353/GLGSPA_Rep3.R2.fastq.gz
PRJEB86111	GNC8AY	SAMEA117961224	GNC8AY_Rep1	ERR14791354	ERX14196141	ftp.sra.ebi.ac.uk/vol1/run/ERR147/ERR14791354/GNC8AY_Rep1.R1.fastq.gz	ftp.sra.ebi.ac.uk/vol1/run/ERR147/ERR14791354/GNC8AY_Rep1.R2.fastq.gz
PRJEB86111	GNC8AY	SAMEA117961224	GNC8AY_Rep2	ERR14791355	ERX14196142	ftp.sra.ebi.ac.uk/vol1/run/ERR147/ERR14791355/GNC8AY_Rep2.R1.fastq.gz	ftp.sra.ebi.ac.uk/vol1/run/ERR147/ERR14791355/GNC8AY_Rep2.R2.fastq.gz
PRJEB86111	GNC8AY	SAMEA117961224	GNC8AY_Rep3	ERR14791356	ERX14196143	ftp.sra.ebi.ac.uk/vol1/run/ERR147/ERR14791356/GNC8AY_Rep3.R1.fastq.gz	ftp.sra.ebi.ac.uk/vol1/run/ERR147/ERR14791356/GNC8AY_Rep3.R2.fastq.gz
PRJEB86111	GPRD1F	SAMEA117961191	GPRD1F_Rep1	ERR14791357	ERX14196144	ftp.sra.ebi.ac.uk/vol1/run/ERR147/ERR14791357/GPRD1F_Rep1.R1.fastq.gz	ftp.sra.ebi.ac.uk/vol1/run/ERR147/ERR14791357/GPRD1F_Rep1.R2.fastq.gz
PRJEB86111	GPRD1F	SAMEA117961191	GPRD1F_Rep2	ERR14791358	ERX14196145	ftp.sra.ebi.ac.uk/vol1/run/ERR147/ERR14791358/GPRD1F_Rep2.R1.fastq.gz	ftp.sra.ebi.ac.uk/vol1/run/ERR147/ERR14791358/GPRD1F_Rep2.R2.fastq.gz
PRJEB86111	GPRD1F	SAMEA117961191	GPRD1F_Rep3	ERR14791359	ERX14196146	ftp.sra.ebi.ac.uk/vol1/run/ERR147/ERR14791359/GPRD1F_Rep3.R1.fastq.gz	ftp.sra.ebi.ac.uk/vol1/run/ERR147/ERR14791359/GPRD1F_Rep3.R2.fastq.gz
PRJEB86111	GRLLN6	SAMEA117961232	GRLLN6_Rep1	ERR14791402	ERX14196189	ftp.sra.ebi.ac.uk/vol1/run/ERR147/ERR14791402/GRLLN6_Rep1.R1.fastq.gz	ftp.sra.ebi.ac.uk/vol1/run/ERR147/ERR14791402/GRLLN6_Rep1.R2.fastq.gz
PRJEB86111	GRLLN6	SAMEA117961232	GRLLN6_Rep2	ERR14791403	ERX14196190	ftp.sra.ebi.ac.uk/vol1/run/ERR147/ERR14791403/GRLLN6_Rep2.R1.fastq.gz	ftp.sra.ebi.ac.uk/vol1/run/ERR147/ERR14791403/GRLLN6_Rep2.R2.fastq.gz
PRJEB86111	GRLLN6	SAMEA117961232	GRLLN6_Rep3	ERR14791404	ERX14196191	ftp.sra.ebi.ac.uk/vol1/run/ERR147/ERR14791404/GRLLN6_Rep3.R1.fastq.gz	ftp.sra.ebi.ac.uk/vol1/run/ERR147/ERR14791404/GRLLN6_Rep3.R2.fastq.gz
PRJEB86111	GRS8LA	SAMEA117961212	GRS8LA_Rep1	ERR14791360	ERX14196147	ftp.sra.ebi.ac.uk/vol1/run/ERR147/ERR14791360/GRS8LA_Rep1.R1.fastq.gz	ftp.sra.ebi.ac.uk/vol1/run/ERR147/ERR14791360/GRS8LA_Rep1.R2.fastq.gz
PRJEB86111	GRS8LA	SAMEA117961212	GRS8LA_Rep2	ERR14791361	ERX14196148	ftp.sra.ebi.ac.uk/vol1/run/ERR147/ERR14791361/GRS8LA_Rep2.R1.fastq.gz	ftp.sra.ebi.ac.uk/vol1/run/ERR147/ERR14791361/GRS8LA_Rep2.R2.fastq.gz
PRJEB86111	GRS8LA	SAMEA117961212	GRS8LA_Rep3	ERR14791362	ERX14196149	ftp.sra.ebi.ac.uk/vol1/run/ERR147/ERR14791362/GRS8LA_Rep3.R1.fastq.gz	ftp.sra.ebi.ac.uk/vol1/run/ERR147/ERR14791362/GRS8LA_Rep3.R2.fastq.gz
PRJEB86111	GRSA2D	SAMEA117961218	GRSA2D_Rep1	ERR14791363	ERX14196150	ftp.sra.ebi.ac.uk/vol1/run/ERR147/ERR14791363/GRSA2D_Rep1.R1.fastq.gz	ftp.sra.ebi.ac.uk/vol1/run/ERR147/ERR14791363/GRSA2D_Rep1.R2.fastq.gz
PRJEB86111	GRSA2D	SAMEA117961218	GRSA2D_Rep2	ERR14791364	ERX14196151	ftp.sra.ebi.ac.uk/vol1/run/ERR147/ERR14791364/GRSA2D_Rep2.R1.fastq.gz	ftp.sra.ebi.ac.uk/vol1/run/ERR147/ERR14791364/GRSA2D_Rep2.R2.fastq.gz
PRJEB86111	GRSA2D	SAMEA117961218	GRSA2D_Rep3	ERR14791365	ERX14196152	ftp.sra.ebi.ac.uk/vol1/run/ERR147/ERR14791365/GRSA2D_Rep3.R1.fastq.gz	ftp.sra.ebi.ac.uk/vol1/run/ERR147/ERR14791365/GRSA2D_Rep3.R2.fastq.gz
PRJEB86111	GSP5ZP	SAMEA117961233	GSP5ZP_Rep1	ERR14791405	ERX14196192	ftp.sra.ebi.ac.uk/vol1/run/ERR147/ERR14791405/GSP5ZP_Rep1.R1.fastq.gz	ftp.sra.ebi.ac.uk/vol1/run/ERR147/ERR14791405/GSP5ZP_Rep1.R2.fastq.gz
PRJEB86111	GSP5ZP	SAMEA117961233	GSP5ZP_Rep2	ERR14791406	ERX14196193	ftp.sra.ebi.ac.uk/vol1/run/ERR147/ERR14791406/GSP5ZP_Rep2.R1.fastq.gz	ftp.sra.ebi.ac.uk/vol1/run/ERR147/ERR14791406/GSP5ZP_Rep2.R2.fastq.gz
PRJEB86111	GSP5ZP	SAMEA117961233	GSP5ZP_Rep3	ERR14791407	ERX14196194	ftp.sra.ebi.ac.uk/vol1/run/ERR147/ERR14791407/GSP5ZP_Rep3.R1.fastq.gz	ftp.sra.ebi.ac.uk/vol1/run/ERR147/ERR14791407/GSP5ZP_Rep3.R2.fastq.gz
PRJEB86111	GTBDXE	SAMEA117961203	GTBDXE_Rep1	ERR14791366	ERX14196153	ftp.sra.ebi.ac.uk/vol1/run/ERR147/ERR14791366/GTBDXE_Rep1.R1.fastq.gz	ftp.sra.ebi.ac.uk/vol1/run/ERR147/ERR14791366/GTBDXE_Rep1.R2.fastq.gz
PRJEB86111	GTBDXE	SAMEA117961203	GTBDXE_Rep2	ERR14791367	ERX14196154	ftp.sra.ebi.ac.uk/vol1/run/ERR147/ERR14791367/GTBDXE_Rep2.R1.fastq.gz	ftp.sra.ebi.ac.uk/vol1/run/ERR147/ERR14791367/GTBDXE_Rep2.R2.fastq.gz
PRJEB86111	GTBDXE	SAMEA117961203	GTBDXE_Rep3	ERR14791368	ERX14196155	ftp.sra.ebi.ac.uk/vol1/run/ERR147/ERR14791368/GTBDXE_Rep3.R1.fastq.gz	ftp.sra.ebi.ac.uk/vol1/run/ERR147/ERR14791368/GTBDXE_Rep3.R2.fastq.gz
PRJEB86111	GU248M	SAMEA117961207	GU248M_Rep1	ERR14791369	ERX14196156	ftp.sra.ebi.ac.uk/vol1/run/ERR147/ERR14791369/GU248M_Rep1.R1.fastq.gz	ftp.sra.ebi.ac.uk/vol1/run/ERR147/ERR14791369/GU248M_Rep1.R2.fastq.gz
PRJEB86111	GU248M	SAMEA117961207	GU248M_Rep2	ERR14791370	ERX14196157	ftp.sra.ebi.ac.uk/vol1/run/ERR147/ERR14791370/GU248M_Rep2.R1.fastq.gz	ftp.sra.ebi.ac.uk/vol1/run/ERR147/ERR14791370/GU248M_Rep2.R2.fastq.gz
PRJEB86111	GU248M	SAMEA117961207	GU248M_Rep3	ERR14791371	ERX14196158	ftp.sra.ebi.ac.uk/vol1/run/ERR147/ERR14791371/GU248M_Rep3.R1.fastq.gz	ftp.sra.ebi.ac.uk/vol1/run/ERR147/ERR14791371/GU248M_Rep3.R2.fastq.gz
PRJEB86111	GUFP6B	SAMEA117961228	GUFP6B_Rep1	ERR14791372	ERX14196159	ftp.sra.ebi.ac.uk/vol1/run/ERR147/ERR14791372/GUFP6B_Rep1.R1.fastq.gz	ftp.sra.ebi.ac.uk/vol1/run/ERR147/ERR14791372/GUFP6B_Rep1.R2.fastq.gz
PRJEB86111	GUFP6B	SAMEA117961228	GUFP6B_Rep2	ERR14791373	ERX14196160	ftp.sra.ebi.ac.uk/vol1/run/ERR147/ERR14791373/GUFP6B_Rep2.R1.fastq.gz	ftp.sra.ebi.ac.uk/vol1/run/ERR147/ERR14791373/GUFP6B_Rep2.R2.fastq.gz
PRJEB86111	GUFP6B	SAMEA117961228	GUFP6B_Rep3	ERR14791374	ERX14196161	ftp.sra.ebi.ac.uk/vol1/run/ERR147/ERR14791374/GUFP6B_Rep3.R1.fastq.gz	ftp.sra.ebi.ac.uk/vol1/run/ERR147/ERR14791374/GUFP6B_Rep3.R2.fastq.gz
PRJEB86111	GUSA7Z	SAMEA117961199	GUSA7Z_Rep1	ERR14791375	ERX14196162	ftp.sra.ebi.ac.uk/vol1/run/ERR147/ERR14791375/GUSA7Z_Rep1.R1.fastq.gz	ftp.sra.ebi.ac.uk/vol1/run/ERR147/ERR14791375/GUSA7Z_Rep1.R2.fastq.gz
PRJEB86111	GUSA7Z	SAMEA117961199	GUSA7Z_Rep2	ERR14791376	ERX14196163	ftp.sra.ebi.ac.uk/vol1/run/ERR147/ERR14791376/GUSA7Z_Rep2.R1.fastq.gz	ftp.sra.ebi.ac.uk/vol1/run/ERR147/ERR14791376/GUSA7Z_Rep2.R2.fastq.gz
PRJEB86111	GUSA7Z	SAMEA117961199	GUSA7Z_Rep3	ERR14791377	ERX14196164	ftp.sra.ebi.ac.uk/vol1/run/ERR147/ERR14791377/GUSA7Z_Rep3.R1.fastq.gz	ftp.sra.ebi.ac.uk/vol1/run/ERR147/ERR14791377/GUSA7Z_Rep3.R2.fastq.gz
PRJEB86111	GX8EZC	SAMEA117961211	GX8EZC_Rep1	ERR14791378	ERX14196165	ftp.sra.ebi.ac.uk/vol1/run/ERR147/ERR14791378/GX8EZC_Rep1.R1.fastq.gz	ftp.sra.ebi.ac.uk/vol1/run/ERR147/ERR14791378/GX8EZC_Rep1.R2.fastq.gz
PRJEB86111	GX8EZC	SAMEA117961211	GX8EZC_Rep2	ERR14791379	ERX14196166	ftp.sra.ebi.ac.uk/vol1/run/ERR147/ERR14791379/GX8EZC_Rep2.R1.fastq.gz	ftp.sra.ebi.ac.uk/vol1/run/ERR147/ERR14791379/GX8EZC_Rep2.R2.fastq.gz
PRJEB86111	GX8EZC	SAMEA117961211	GX8EZC_Rep3	ERR14791380	ERX14196167	ftp.sra.ebi.ac.uk/vol1/run/ERR147/ERR14791380/GX8EZC_Rep3.R1.fastq.gz	ftp.sra.ebi.ac.uk/vol1/run/ERR147/ERR14791380/GX8EZC_Rep3.R2.fastq.gz
PRJEB86111	GXZY27	SAMEA117961223	GXZY27_Rep1	ERR14791381	ERX14196168	ftp.sra.ebi.ac.uk/vol1/run/ERR147/ERR14791381/GXZY27_Rep1.R1.fastq.gz	ftp.sra.ebi.ac.uk/vol1/run/ERR147/ERR14791381/GXZY27_Rep1.R2.fastq.gz
PRJEB86111	GXZY27	SAMEA117961223	GXZY27_Rep2	ERR14791382	ERX14196169	ftp.sra.ebi.ac.uk/vol1/run/ERR147/ERR14791382/GXZY27_Rep2.R1.fastq.gz	ftp.sra.ebi.ac.uk/vol1/run/ERR147/ERR14791382/GXZY27_Rep2.R2.fastq.gz
PRJEB86111	GXZY27	SAMEA117961223	GXZY27_Rep3	ERR14791383	ERX14196170	ftp.sra.ebi.ac.uk/vol1/run/ERR147/ERR14791383/GXZY27_Rep3.R1.fastq.gz	ftp.sra.ebi.ac.uk/vol1/run/ERR147/ERR14791383/GXZY27_Rep3.R2.fastq.gz
PRJEB86111	GY8K8O	SAMEA117961195	GY8K8O_Rep1	ERR14791384	ERX14196171	ftp.sra.ebi.ac.uk/vol1/run/ERR147/ERR14791384/GY8K8O_Rep1.R1.fastq.gz	ftp.sra.ebi.ac.uk/vol1/run/ERR147/ERR14791384/GY8K8O_Rep1.R2.fastq.gz
PRJEB86111	GY8K8O	SAMEA117961195	GY8K8O_Rep2	ERR14791385	ERX14196172	ftp.sra.ebi.ac.uk/vol1/run/ERR147/ERR14791385/GY8K8O_Rep2.R1.fastq.gz	ftp.sra.ebi.ac.uk/vol1/run/ERR147/ERR14791385/GY8K8O_Rep2.R2.fastq.gz
PRJEB86111	GY8K8O	SAMEA117961195	GY8K8O_Rep3	ERR14791386	ERX14196173	ftp.sra.ebi.ac.uk/vol1/run/ERR147/ERR14791386/GY8K8O_Rep3.R1.fastq.gz	ftp.sra.ebi.ac.uk/vol1/run/ERR147/ERR14791386/GY8K8O_Rep3.R2.fastq.gz
PRJEB86111	GYTL2T	SAMEA117961229	GYTL2T_Rep1	ERR14791387	ERX14196174	ftp.sra.ebi.ac.uk/vol1/run/ERR147/ERR14791387/GYTL2T_Rep1.R1.fastq.gz	ftp.sra.ebi.ac.uk/vol1/run/ERR147/ERR14791387/GYTL2T_Rep1.R2.fastq.gz
PRJEB86111	GYTL2T	SAMEA117961229	GYTL2T_Rep2	ERR14791388	ERX14196175	ftp.sra.ebi.ac.uk/vol1/run/ERR147/ERR14791388/GYTL2T_Rep2.R1.fastq.gz	ftp.sra.ebi.ac.uk/vol1/run/ERR147/ERR14791388/GYTL2T_Rep2.R2.fastq.gz
PRJEB86111	GYTL2T	SAMEA117961229	GYTL2T_Rep3	ERR14791389	ERX14196176	ftp.sra.ebi.ac.uk/vol1/run/ERR147/ERR14791389/GYTL2T_Rep3.R1.fastq.gz	ftp.sra.ebi.ac.uk/vol1/run/ERR147/ERR14791389/GYTL2T_Rep3.R2.fastq.gz
PRJEB86111	GYULW2	SAMEA117961222	GYULW2_Rep1	ERR14791390	ERX14196177	ftp.sra.ebi.ac.uk/vol1/run/ERR147/ERR14791390/GYULW2_Rep1.R1.fastq.gz	ftp.sra.ebi.ac.uk/vol1/run/ERR147/ERR14791390/GYULW2_Rep1.R2.fastq.gz
PRJEB86111	GYULW2	SAMEA117961222	GYULW2_Rep2	ERR14791391	ERX14196178	ftp.sra.ebi.ac.uk/vol1/run/ERR147/ERR14791391/GYULW2_Rep2.R1.fastq.gz	ftp.sra.ebi.ac.uk/vol1/run/ERR147/ERR14791391/GYULW2_Rep2.R2.fastq.gz
PRJEB86111	GYULW2	SAMEA117961222	GYULW2_Rep3	ERR14791392	ERX14196179	ftp.sra.ebi.ac.uk/vol1/run/ERR147/ERR14791392/GYULW2_Rep3.R1.fastq.gz	ftp.sra.ebi.ac.uk/vol1/run/ERR147/ERR14791392/GYULW2_Rep3.R2.fastq.gz
PRJEB86111	GZDUDR	SAMEA117961230	GZDUDR_Rep1	ERR14791393	ERX14196180	ftp.sra.ebi.ac.uk/vol1/run/ERR147/ERR14791393/GZDUDR_Rep1.R1.fastq.gz	ftp.sra.ebi.ac.uk/vol1/run/ERR147/ERR14791393/GZDUDR_Rep1.R2.fastq.gz
PRJEB86111	GZDUDR	SAMEA117961230	GZDUDR_Rep2	ERR14791394	ERX14196181	ftp.sra.ebi.ac.uk/vol1/run/ERR147/ERR14791394/GZDUDR_Rep2.R1.fastq.gz	ftp.sra.ebi.ac.uk/vol1/run/ERR147/ERR14791394/GZDUDR_Rep2.R2.fastq.gz
PRJEB86111	GZDUDR	SAMEA117961230	GZDUDR_Rep3	ERR14791395	ERX14196182	ftp.sra.ebi.ac.uk/vol1/run/ERR147/ERR14791395/GZDUDR_Rep3.R1.fastq.gz	ftp.sra.ebi.ac.uk/vol1/run/ERR147/ERR14791395/GZDUDR_Rep3.R2.fastq.gz
PRJEB86111	GZT2TR	SAMEA117961208	GZT2TR_Rep1	ERR14791396	ERX14196183	ftp.sra.ebi.ac.uk/vol1/run/ERR147/ERR14791396/GZT2TR_Rep1.R1.fastq.gz	ftp.sra.ebi.ac.uk/vol1/run/ERR147/ERR14791396/GZT2TR_Rep1.R2.fastq.gz
PRJEB86111	GZT2TR	SAMEA117961208	GZT2TR_Rep2	ERR14791397	ERX14196184	ftp.sra.ebi.ac.uk/vol1/run/ERR147/ERR14791397/GZT2TR_Rep2.R1.fastq.gz	ftp.sra.ebi.ac.uk/vol1/run/ERR147/ERR14791397/GZT2TR_Rep2.R2.fastq.gz
PRJEB86111	GZT2TR	SAMEA117961208	GZT2TR_Rep3	ERR14791398	ERX14196185	ftp.sra.ebi.ac.uk/vol1/run/ERR147/ERR14791398/GZT2TR_Rep3.R1.fastq.gz	ftp.sra.ebi.ac.uk/vol1/run/ERR147/ERR14791398/GZT2TR_Rep3.R2.fastq.gz
